{
  "version": "0.14.0",
  "graph": {
    "nodes": [
      {
        "id": "n0",
        "position": {
          "x": 0,
          "y": 0
        },
        "caption": "Account"
      }
    ],
    "relationships": [
      {
        "id": "n0",
        "type": "TRANSACTION",
        "fromId": "n0",
        "toId": "n0"
      }
    ]
  },
  "dataModel": {
    "configurations": {
      "idsToIgnore": []
    },
    "fileModel": {
      "fileSchemas": {
        "accounts.csv": {
          "expanded": true,
          "fields": [
            {
              "name": "a_id",
              "type": "integer",
              "sample": "1",
              "include": true
            },
            {
              "name": "name",
              "type": "string",
              "sample": "Carlie Arbuckle",
              "include": true
            },
            {
              "name": "email",
              "type": "string",
              "sample": "carbuckle0@techcrunch.com",
              "include": true
            }
          ]
        },
        "txs.csv": {
          "expanded": true,
          "fields": [
            {
              "name": "tx_id",
              "type": "integer",
              "sample": "1",
              "include": true
            },
            {
              "name": "from_id",
              "type": "integer",
              "sample": "6388",
              "include": true
            },
            {
              "name": "to_id",
              "type": "integer",
              "sample": "8479",
              "include": true
            },
            {
              "name": "amount",
              "type": "float",
              "sample": "32512.09",
              "include": true
            },
            {
              "name": "date",
              "type": "datetime",
              "sample": "2023-03-30T12:43:54Z",
              "include": true
            }
          ]
        }
      }
    },
    "graphModel": {
      "nodeSchemas": {
        "n0": {
          "label": "Account",
          "additionLabels": [],
          "labelProperties": [],
          "properties": [
            {
              "property": "accountNumber",
              "type": "string",
              "identifier": "WXBqd4LuASacK7RdnVNpG"
            },
            {
              "property": "name",
              "type": "string",
              "identifier": "r1W7PJP4_wP1bYrSYMGYz"
            },
            {
              "property": "email",
              "type": "string",
              "identifier": "DqTHXipkHgn8foQpuZRNL"
            }
          ],
          "key": {
            "properties": [
              "WXBqd4LuASacK7RdnVNpG"
            ]
          }
        }
      },
      "relationshipSchemas": {
        "n0": {
          "type": "TRANSACTION",
          "sourceNodeSchema": "n0",
          "targetNodeSchema": "n0",
          "properties": [
            {
              "property": "tx_id",
              "type": "string",
              "identifier": "AHUfTyNEIVE-or5Mfudp5"
            },
            {
              "property": "amount",
              "type": "float",
              "identifier": "DKcPsqmyQvGJlq36DqwMU"
            },
            {
              "property": "date",
              "type": "datetime",
              "identifier": "TYDJ8OMr1dIUN7fLrr3Eb"
            }
          ]
        }
      }
    },
    "mappingModel": {
      "nodeMappings": {
        "n0": {
          "nodeSchema": "n0",
          "fileSchema": "accounts.csv",
          "mappings": [
            {
              "field": "a_id"
            },
            {
              "field": "name"
            },
            {
              "field": "email"
            }
          ]
        }
      },
      "relationshipMappings": {
        "n0": {
          "relationshipSchema": "n0",
          "mappings": [
            {
              "field": "tx_id"
            },
            {
              "field": "amount"
            },
            {
              "field": "date"
            }
          ],
          "sourceMappings": [
            {
              "field": "from_id"
            }
          ],
          "targetMappings": [
            {
              "field": "to_id"
            }
          ],
          "fileSchema": "txs.csv"
        }
      }
    }
  }
}