tx_id,from_id,to_id,date,amount
1,40,23,2023-09-13T05:51:15Z,35984.7
2,55,1,2023-09-05T21:49:21Z,87425.92
3,41,23,2023-09-07T08:36:07Z,74312.7
4,5,13,2023-09-01T23:31:40Z,84188.21
5,35,33,2023-09-05T23:21:34Z,71942.76
6,24,78,2023-09-11T20:41:27Z,81238.51
7,40,37,2023-09-10T03:55:47Z,73571.12
8,91,28,2023-09-01T06:15:14Z,27130.62
9,7,66,2023-09-13T20:12:53Z,75457.97
10,23,96,2023-09-10T12:55:10Z,85412.1
11,5,52,2023-09-07T12:41:26Z,15373.08
12,20,75,2023-09-12T13:43:11Z,93137.5
13,98,74,2023-09-12T12:31:32Z,38688.72
14,62,65,2023-09-07T15:47:44Z,95508.13
15,43,11,2023-09-05T06:40:22Z,33477.29
16,89,40,2023-09-14T18:25:54Z,14750.63
17,88,84,2023-09-06T11:08:57Z,29226.01
18,4,47,2023-09-06T20:37:52Z,45244.47
19,64,87,2023-09-11T15:41:42Z,95272.43
20,12,18,2023-09-14T22:17:11Z,73667.4
21,55,56,2023-09-10T12:56:21Z,24703.75
22,92,73,2023-09-03T05:21:54Z,9339.21
23,38,65,2023-09-11T21:17:37Z,41102.51
24,40,31,2023-09-12T20:10:29Z,28923.82
25,24,64,2023-09-13T14:41:06Z,68058.76
26,24,30,2023-09-02T01:43:15Z,35316.02
27,60,46,2023-09-04T22:06:43Z,80089.95
28,75,81,2023-09-06T13:56:29Z,52333.64
29,66,21,2023-09-03T21:28:46Z,81343.75
30,99,63,2023-09-11T22:24:19Z,68864.42
31,38,25,2023-09-09T21:22:48Z,80388.72
32,68,61,2023-09-12T08:36:29Z,60206.99
33,53,48,2023-09-05T13:51:00Z,25976.26
34,97,87,2023-09-05T21:02:14Z,982.8
35,81,80,2023-09-08T15:14:47Z,33794.54
36,19,67,2023-09-02T17:48:56Z,73418.94
37,50,25,2023-09-06T04:38:39Z,97047.47
38,98,79,2023-09-05T14:14:49Z,84006.78
39,38,84,2023-09-11T06:18:13Z,93982.85
40,40,32,2023-09-11T08:04:16Z,21927.54
41,26,22,2023-09-02T02:25:55Z,25292.58
42,94,83,2023-09-08T13:05:15Z,82567.05
43,68,68,2023-09-13T18:11:40Z,66706.04
44,52,45,2023-09-02T02:23:56Z,41959.18
45,74,16,2023-09-09T22:08:59Z,50379.81
46,2,73,2023-09-06T21:14:18Z,98286.44
47,34,61,2023-09-13T03:41:35Z,33066.1
48,90,9,2023-09-08T21:25:46Z,34326.2
49,7,4,2023-09-13T00:04:00Z,59867.62
50,63,78,2023-09-08T20:55:00Z,96162.96
51,23,90,2023-09-09T20:19:24Z,91852.43
52,80,81,2023-09-13T19:28:11Z,68524.8
53,73,21,2023-09-01T23:03:57Z,95944.03
54,80,46,2023-09-02T11:00:56Z,40955.28
55,26,28,2023-09-12T04:55:35Z,96994.52
56,64,30,2023-09-10T21:05:34Z,67695.97
57,60,59,2023-09-10T11:27:48Z,20236.9
58,100,70,2023-09-09T10:53:11Z,55138.55
59,47,45,2023-09-06T17:01:12Z,54508.92
60,97,21,2023-09-10T21:37:29Z,11354.32
61,19,73,2023-09-05T19:27:47Z,58710.21
62,1,91,2023-09-02T11:20:27Z,37789.94
63,34,81,2023-09-13T07:04:38Z,23417.22
64,14,82,2023-09-01T02:34:46Z,31360.08
65,70,5,2023-09-04T23:26:09Z,89524.32
66,90,23,2023-09-03T22:06:36Z,46884.79
67,91,33,2023-09-10T07:47:26Z,86505.78
68,13,42,2023-09-13T11:22:51Z,84321.5
69,15,29,2023-09-03T20:35:54Z,88575.25
70,7,60,2023-09-10T08:18:04Z,43569.04
71,55,8,2023-09-11T01:16:58Z,62893.66
72,50,50,2023-09-02T07:14:34Z,43709.27
73,5,76,2023-09-04T15:57:42Z,317.28
74,8,32,2023-09-13T11:28:41Z,59846.43
75,51,33,2023-09-08T09:43:18Z,93356.09
76,71,36,2023-09-07T18:07:33Z,62974.37
77,10,25,2023-09-01T06:05:39Z,37649.19
78,37,13,2023-09-09T01:49:54Z,4376.65
79,2,41,2023-09-07T17:15:20Z,75349.42
80,95,28,2023-09-13T16:05:55Z,54997.91
81,88,35,2023-09-13T22:42:34Z,17931.88
82,25,89,2023-09-09T18:04:21Z,19338.75
83,87,46,2023-09-04T15:51:42Z,31743.59
84,53,65,2023-09-02T07:05:44Z,6067.88
85,26,12,2023-09-04T15:24:21Z,54092.39
86,77,79,2023-09-09T16:39:48Z,21996.17
87,3,37,2023-09-10T18:17:05Z,67774.74
88,98,71,2023-09-09T21:48:05Z,51545.87
89,84,35,2023-09-04T02:07:21Z,13503.63
90,56,77,2023-09-11T15:31:09Z,72669.72
91,100,12,2023-09-09T09:08:37Z,24067.45
92,29,9,2023-09-11T04:21:29Z,40876.14
93,76,50,2023-09-14T15:31:56Z,88589.93
94,7,13,2023-09-06T13:34:09Z,10352.86
95,60,63,2023-09-03T22:40:56Z,43618.32
96,17,91,2023-09-02T22:16:32Z,21753.63
97,48,48,2023-09-02T21:28:40Z,8238.29
98,22,12,2023-09-05T06:14:01Z,66567.83
99,39,34,2023-09-01T18:19:20Z,22634.31
100,73,73,2023-09-02T00:40:15Z,65597.45
101,21,39,2023-09-03T14:19:59Z,47187.83
102,48,75,2023-09-05T05:26:11Z,57799.19
103,67,63,2023-09-09T20:37:17Z,2347.59
104,30,95,2023-09-11T20:50:47Z,6387.37
105,82,66,2023-09-14T17:09:33Z,38115.4
106,36,87,2023-09-04T11:04:26Z,42073.62
107,10,47,2023-09-10T20:24:14Z,92524.68
108,59,25,2023-09-08T18:29:39Z,27440.88
109,37,95,2023-09-13T15:19:09Z,12647.07
110,49,44,2023-09-07T18:31:35Z,15630.07
111,5,44,2023-09-11T09:40:24Z,60536.17
112,54,8,2023-09-08T23:46:15Z,59869.18
113,4,5,2023-09-13T11:04:39Z,57626.85
114,76,3,2023-09-09T12:24:33Z,43479.18
115,53,100,2023-09-06T12:59:56Z,2980.89
116,97,70,2023-09-07T23:14:10Z,17776.98
117,81,34,2023-09-11T23:10:55Z,83552.43
118,37,86,2023-09-07T05:16:16Z,58207.2
119,80,88,2023-09-10T21:35:40Z,28932.5
120,68,75,2023-09-08T15:55:40Z,68568.22
121,61,70,2023-09-08T03:23:12Z,48659.11
122,17,1,2023-09-02T01:57:21Z,46766.03
123,79,7,2023-09-04T01:14:41Z,76097.11
124,95,53,2023-09-01T22:06:47Z,94505.48
125,73,34,2023-09-03T21:35:27Z,64255.76
126,12,29,2023-09-04T09:29:39Z,23839.08
127,15,62,2023-09-05T10:24:19Z,4598.87
128,16,69,2023-09-05T20:09:16Z,61343.14
129,5,32,2023-09-04T09:38:18Z,29361.39
130,69,9,2023-09-08T04:37:35Z,11048.66
131,61,63,2023-09-07T05:27:51Z,61762.75
132,66,60,2023-09-10T07:24:42Z,23491.22
133,5,98,2023-09-10T07:01:29Z,79795.44
134,90,60,2023-09-02T18:41:36Z,93093.76
135,16,6,2023-09-10T05:36:54Z,13752.58
136,21,3,2023-09-13T04:07:57Z,16842.56
137,72,10,2023-09-02T21:43:31Z,14422.3
138,95,97,2023-09-12T20:00:07Z,77426.6
139,61,10,2023-09-03T02:43:23Z,64923.81
140,44,76,2023-09-02T16:47:23Z,84389.61
141,17,81,2023-09-05T11:01:54Z,5709.45
142,59,75,2023-09-10T17:57:46Z,64125.21
143,12,38,2023-09-12T07:04:18Z,88077.77
144,95,1,2023-09-12T15:41:56Z,22902.45
145,19,8,2023-09-09T06:51:50Z,19299.44
146,68,69,2023-09-01T22:52:49Z,63630.24
147,96,26,2023-09-01T09:29:28Z,20865.55
148,41,96,2023-09-10T11:48:57Z,22672.21
149,85,87,2023-09-14T00:56:21Z,64574.61
150,36,99,2023-09-02T05:56:58Z,91193.87
151,61,12,2023-09-13T11:27:59Z,11315.66
152,32,64,2023-09-07T10:33:01Z,24621.17
153,85,57,2023-09-14T00:54:18Z,9708.46
154,39,33,2023-09-05T02:59:13Z,96636.46
155,70,61,2023-09-01T11:50:28Z,93873.22
156,17,55,2023-09-13T13:11:28Z,73470.81
157,31,48,2023-09-02T10:32:06Z,26035.41
158,78,84,2023-09-06T13:46:45Z,95026.76
159,20,64,2023-09-11T06:20:33Z,75660.67
160,35,85,2023-09-12T17:29:41Z,8405.46
161,1,32,2023-09-02T15:01:49Z,96060.15
162,38,31,2023-09-04T19:17:26Z,14882.32
163,12,55,2023-09-06T06:49:09Z,88023.74
164,73,64,2023-09-01T08:51:24Z,37695.46
165,100,91,2023-09-02T19:56:22Z,59167.28
166,81,71,2023-09-03T12:50:03Z,54060.68
167,59,3,2023-09-06T20:07:59Z,15394.02
168,3,22,2023-09-05T04:56:35Z,87853.53
169,22,51,2023-09-10T18:27:02Z,82221.36
170,62,1,2023-09-11T17:02:33Z,13991.09
171,20,13,2023-09-01T03:00:59Z,20378.11
172,86,74,2023-09-06T18:08:30Z,95914.86
173,5,91,2023-09-11T08:12:38Z,56480.87
174,10,28,2023-09-04T22:27:46Z,43028.8
175,46,17,2023-09-06T15:27:24Z,78413.46
176,45,93,2023-09-02T09:23:29Z,88542.35
177,50,62,2023-09-09T22:13:41Z,64306.28
178,80,25,2023-09-14T05:44:15Z,78232.4
179,96,33,2023-09-12T07:09:48Z,43224.0
180,33,38,2023-09-08T02:10:21Z,82519.12
181,2,1,2023-09-14T18:15:40Z,71896.95
182,21,24,2023-09-03T21:14:15Z,51731.13
183,11,46,2023-09-10T17:06:39Z,68837.92
184,64,42,2023-09-05T11:14:34Z,46118.46
185,70,3,2023-09-03T06:24:48Z,54124.75
186,78,42,2023-09-11T20:17:47Z,59593.34
187,92,66,2023-09-12T18:44:47Z,68207.24
188,96,73,2023-09-03T19:53:54Z,52125.19
189,73,9,2023-09-10T04:25:19Z,93711.52
190,68,48,2023-09-02T01:02:33Z,64498.63
191,23,95,2023-09-01T18:37:21Z,67873.54
192,62,40,2023-09-12T03:59:25Z,98656.45
193,14,13,2023-09-04T19:57:34Z,69176.48
194,73,32,2023-09-14T07:54:35Z,53495.89
195,24,81,2023-09-12T11:21:53Z,83985.27
196,46,8,2023-09-07T14:40:28Z,45685.18
197,90,56,2023-09-12T04:09:33Z,4970.68
198,80,74,2023-09-02T16:31:51Z,45274.16
199,24,49,2023-09-13T15:03:37Z,99267.89
200,57,19,2023-09-06T02:55:33Z,87031.49
201,77,42,2023-09-12T04:02:22Z,47835.31
202,39,41,2023-09-02T01:07:10Z,9746.69
203,99,45,2023-09-08T05:11:30Z,39790.65
204,59,71,2023-09-07T11:39:50Z,75184.03
205,55,93,2023-09-05T05:58:06Z,31398.41
206,9,75,2023-09-12T04:12:41Z,34410.79
207,64,60,2023-09-14T00:30:28Z,15560.05
208,33,14,2023-09-13T13:29:55Z,43917.49
209,6,50,2023-09-02T19:10:45Z,2326.88
210,78,65,2023-09-03T04:27:54Z,76941.59
211,53,81,2023-09-07T00:16:47Z,96251.02
212,77,69,2023-09-09T10:51:01Z,99263.12
213,80,53,2023-09-14T17:59:06Z,53796.5
214,78,69,2023-09-03T07:07:00Z,28191.3
215,91,17,2023-09-09T20:20:29Z,44652.45
216,83,11,2023-09-07T18:27:20Z,48303.24
217,79,55,2023-09-08T23:27:36Z,89485.7
218,31,53,2023-09-02T05:23:49Z,92070.6
219,64,57,2023-09-07T06:09:38Z,306.23
220,57,63,2023-09-13T10:50:45Z,35256.77
221,63,85,2023-09-09T14:42:57Z,69491.13
222,61,5,2023-09-12T23:18:38Z,15059.94
223,39,56,2023-09-07T22:03:05Z,93646.07
224,39,76,2023-09-11T12:30:05Z,66057.43
225,65,68,2023-09-05T21:38:55Z,38989.01
226,19,74,2023-09-09T23:42:08Z,71994.58
227,80,60,2023-09-01T20:53:44Z,58374.18
228,33,87,2023-09-02T06:16:10Z,75837.12
229,95,8,2023-09-08T05:55:38Z,26530.74
230,46,40,2023-09-08T18:39:23Z,27337.66
231,68,40,2023-09-09T18:11:40Z,65251.64
232,23,80,2023-09-06T17:43:08Z,77703.01
233,67,7,2023-09-11T21:48:32Z,2569.01
234,31,78,2023-09-07T08:14:09Z,69691.32
235,79,8,2023-09-04T07:08:10Z,91972.45
236,93,53,2023-09-13T07:43:21Z,21042.69
237,6,14,2023-09-09T01:20:24Z,28909.68
238,85,8,2023-09-12T17:26:06Z,11300.57
239,45,92,2023-09-02T08:24:06Z,97013.47
240,56,38,2023-09-11T19:30:03Z,8016.62
241,50,96,2023-09-14T01:46:06Z,20084.79
242,5,16,2023-09-02T09:30:38Z,42266.34
243,8,27,2023-09-14T18:52:01Z,83794.52
244,9,23,2023-09-06T23:35:36Z,33257.77
245,6,99,2023-09-14T15:54:22Z,90764.97
246,50,22,2023-09-12T05:27:56Z,91060.1
247,91,87,2023-09-03T16:17:10Z,55171.69
248,27,88,2023-09-01T20:37:01Z,99209.66
249,62,55,2023-09-05T21:13:54Z,74892.28
250,95,63,2023-09-06T20:30:34Z,53685.53
251,90,81,2023-09-10T10:35:45Z,23486.38
252,13,17,2023-09-11T12:58:10Z,11490.54
253,49,4,2023-09-08T00:58:31Z,71964.18
254,19,73,2023-09-07T08:15:06Z,52882.57
255,78,29,2023-09-05T22:56:32Z,22038.61
256,8,29,2023-09-06T16:20:29Z,84764.72
257,47,37,2023-09-03T07:21:55Z,46015.55
258,26,14,2023-09-02T07:20:57Z,48699.36
259,73,36,2023-09-06T03:34:03Z,52.32
260,23,94,2023-09-04T08:30:10Z,57702.49
261,23,70,2023-09-09T14:09:22Z,8026.0
262,23,87,2023-09-05T09:08:41Z,40203.6
263,23,61,2023-09-09T13:41:18Z,28353.15
264,74,54,2023-09-03T20:30:14Z,30693.17
265,45,24,2023-09-05T16:38:28Z,81482.37
266,68,99,2023-09-02T04:21:11Z,95181.03
267,5,69,2023-09-11T13:53:05Z,39961.1
268,35,33,2023-09-02T19:22:26Z,95275.64
269,35,79,2023-09-10T11:16:30Z,5710.41
270,79,77,2023-09-08T03:37:32Z,20430.9
271,16,68,2023-09-06T18:48:51Z,28333.74
272,52,92,2023-09-06T10:46:03Z,64178.31
273,1,41,2023-09-01T01:48:19Z,71300.93
274,29,30,2023-09-11T23:06:01Z,40451.49
275,50,37,2023-09-10T16:41:24Z,38073.35
276,6,23,2023-09-03T07:49:48Z,96579.77
277,98,38,2023-09-02T12:51:24Z,11388.23
278,45,84,2023-09-09T13:03:25Z,30489.88
279,26,86,2023-09-11T16:11:52Z,79316.9
280,96,17,2023-09-06T20:06:52Z,136.69
281,39,94,2023-09-04T15:39:40Z,23748.41
282,79,100,2023-09-09T19:54:07Z,81706.5
283,79,97,2023-09-03T23:39:49Z,82547.06
284,48,22,2023-09-03T18:38:33Z,65283.87
285,85,82,2023-09-13T08:42:03Z,31439.15
286,61,68,2023-09-04T01:10:06Z,99803.84
287,45,6,2023-09-13T14:09:30Z,17509.87
288,15,4,2023-09-12T22:52:48Z,75258.04
289,5,55,2023-09-03T21:19:22Z,44270.63
290,56,98,2023-09-02T21:32:35Z,85265.16
291,16,19,2023-09-12T22:56:15Z,58901.62
292,17,72,2023-09-09T15:08:12Z,88558.89
293,80,19,2023-09-03T04:38:53Z,32643.2
294,59,43,2023-09-07T01:56:52Z,29759.41
295,97,37,2023-09-02T06:10:06Z,58984.93
296,67,93,2023-09-10T20:14:51Z,13406.37
297,22,34,2023-09-01T11:08:19Z,44586.61
298,95,38,2023-09-13T19:52:29Z,80822.72
299,26,92,2023-09-12T17:02:08Z,67510.69
300,63,87,2023-09-02T11:03:21Z,96926.93
301,19,41,2023-09-06T08:19:10Z,65848.07
302,88,69,2023-09-08T18:49:24Z,95148.88
303,34,9,2023-09-10T17:36:31Z,74746.25
304,35,92,2023-09-11T18:07:08Z,64377.17
305,57,39,2023-09-08T10:11:39Z,55771.49
306,36,56,2023-09-11T00:47:05Z,63676.18
307,58,93,2023-09-13T03:42:26Z,25633.15
308,37,91,2023-09-12T07:22:47Z,44553.64
309,81,63,2023-09-09T03:19:18Z,19499.02
310,37,28,2023-09-05T18:15:08Z,15590.14
311,57,54,2023-09-09T19:18:23Z,64443.09
312,17,14,2023-09-06T19:22:29Z,67458.58
313,32,82,2023-09-01T17:28:46Z,57774.59
314,93,71,2023-09-12T01:04:03Z,83270.14
315,10,51,2023-09-02T00:05:25Z,72682.38
316,51,3,2023-09-10T00:57:52Z,78902.38
317,28,96,2023-09-13T02:32:05Z,78786.57
318,41,55,2023-09-05T00:55:51Z,36743.59
319,23,42,2023-09-08T20:48:24Z,59676.19
320,35,43,2023-09-04T17:29:26Z,16564.72
321,82,68,2023-09-13T19:12:03Z,32737.36
322,20,34,2023-09-09T03:44:39Z,55984.46
323,61,24,2023-09-08T19:31:09Z,797.83
324,43,60,2023-09-09T04:05:59Z,36442.14
325,60,61,2023-09-02T19:27:03Z,98791.93
326,64,88,2023-09-13T07:50:53Z,12357.73
327,70,43,2023-09-14T09:40:03Z,36691.02
328,41,21,2023-09-12T16:06:08Z,73040.95
329,45,5,2023-09-02T07:55:31Z,16659.96
330,23,31,2023-09-03T10:05:27Z,81897.1
331,28,97,2023-09-03T15:45:11Z,8226.88
332,76,58,2023-09-14T09:24:29Z,64276.08
333,25,1,2023-09-14T07:12:21Z,21463.53
334,10,25,2023-09-02T05:05:05Z,27872.67
335,52,74,2023-09-03T15:10:30Z,14056.18
336,75,55,2023-09-07T06:01:45Z,35543.16
337,81,51,2023-09-08T19:57:33Z,93521.92
338,44,56,2023-09-02T14:54:11Z,58461.84
339,24,48,2023-09-03T19:47:26Z,36198.03
340,91,34,2023-09-06T04:30:16Z,3878.51
341,62,67,2023-09-04T21:38:35Z,48288.77
342,32,14,2023-09-07T14:55:17Z,91438.88
343,51,34,2023-09-09T00:43:21Z,277.27
344,79,100,2023-09-07T09:02:28Z,29912.55
345,1,23,2023-09-07T19:40:42Z,28935.29
346,43,80,2023-09-12T15:55:20Z,90475.12
347,9,27,2023-09-08T23:53:40Z,47912.32
348,84,52,2023-09-04T08:03:34Z,29985.89
349,85,36,2023-09-13T08:45:03Z,60069.87
350,55,67,2023-09-07T23:50:53Z,90239.17
351,83,73,2023-09-04T13:31:41Z,6502.24
352,17,52,2023-09-13T10:50:30Z,80985.31
353,69,60,2023-09-04T23:42:05Z,35782.59
354,31,35,2023-09-07T04:12:57Z,22896.17
355,90,81,2023-09-06T07:16:29Z,34636.17
356,78,61,2023-09-12T19:44:20Z,96129.11
357,4,88,2023-09-10T09:20:03Z,15314.36
358,20,36,2023-09-11T14:11:05Z,83425.25
359,19,42,2023-09-02T17:25:04Z,20824.11
360,40,7,2023-09-10T04:28:00Z,54913.23
361,50,32,2023-09-12T17:50:45Z,21199.89
362,82,31,2023-09-07T16:54:51Z,31832.76
363,55,80,2023-09-14T11:15:42Z,51866.86
364,36,10,2023-09-07T03:04:37Z,36033.99
365,64,69,2023-09-02T19:50:22Z,97949.74
366,11,85,2023-09-12T06:01:00Z,70807.34
367,89,46,2023-09-08T17:48:02Z,70068.81
368,45,66,2023-09-11T10:58:17Z,36186.0
369,80,65,2023-09-06T13:08:18Z,32146.45
370,69,30,2023-09-09T00:41:09Z,13826.82
371,78,89,2023-09-05T23:47:23Z,53379.27
372,75,89,2023-09-09T19:41:17Z,49365.81
373,10,25,2023-09-11T01:56:16Z,27099.93
374,33,15,2023-09-11T07:47:15Z,92371.64
375,55,14,2023-09-04T18:12:30Z,88566.94
376,91,48,2023-09-06T02:42:26Z,81386.55
377,25,38,2023-09-12T07:56:39Z,17990.69
378,8,99,2023-09-01T00:59:44Z,74762.26
379,89,78,2023-09-07T18:03:12Z,22505.92
380,54,40,2023-09-08T08:13:03Z,73447.72
381,81,76,2023-09-03T21:14:18Z,15342.78
382,88,61,2023-09-04T03:41:19Z,42424.18
383,57,100,2023-09-03T22:54:50Z,61039.86
384,88,18,2023-09-14T21:53:48Z,86949.69
385,3,40,2023-09-14T09:45:48Z,17802.85
386,49,99,2023-09-08T07:27:37Z,44368.3
387,64,62,2023-09-04T20:47:36Z,16701.41
388,48,100,2023-09-10T03:26:36Z,40501.06
389,26,33,2023-09-13T04:13:12Z,97207.68
390,97,59,2023-09-01T06:28:52Z,48612.13
391,38,65,2023-09-10T04:29:30Z,73343.89
392,21,81,2023-09-07T14:34:07Z,18258.68
393,7,82,2023-09-12T02:33:44Z,95119.75
394,1,10,2023-09-09T04:50:39Z,23637.27
395,88,43,2023-09-10T16:46:19Z,14418.27
396,40,31,2023-09-04T15:05:17Z,42185.46
397,62,65,2023-09-02T10:42:56Z,41345.62
398,92,52,2023-09-13T20:11:27Z,69602.36
399,69,9,2023-09-11T02:35:54Z,9239.07
400,60,39,2023-09-10T20:19:50Z,16440.4
401,43,62,2023-09-01T22:54:40Z,51219.54
402,68,20,2023-09-01T17:36:39Z,33202.07
403,15,41,2023-09-13T05:46:28Z,9414.97
404,26,48,2023-09-11T17:51:34Z,3076.42
405,25,8,2023-09-06T19:09:27Z,46213.07
406,33,12,2023-09-13T10:33:02Z,99721.52
407,17,71,2023-09-02T03:33:00Z,88281.72
408,46,11,2023-09-02T04:31:33Z,67667.2
409,7,81,2023-09-05T13:25:06Z,94532.92
410,71,87,2023-09-12T17:35:30Z,50057.29
411,93,6,2023-09-04T20:01:23Z,88279.6
412,81,40,2023-09-12T08:45:01Z,79554.59
413,17,53,2023-09-12T21:15:34Z,2641.21
414,25,57,2023-09-10T18:24:36Z,68495.92
415,76,3,2023-09-08T17:44:05Z,53279.49
416,21,67,2023-09-02T05:53:23Z,37860.36
417,85,78,2023-09-05T23:55:58Z,677.62
418,68,8,2023-09-10T21:19:07Z,26082.02
419,22,93,2023-09-04T11:45:26Z,25922.53
420,52,69,2023-09-14T00:47:23Z,58738.51
421,75,43,2023-09-02T01:39:41Z,88950.94
422,17,71,2023-09-10T01:35:04Z,95555.32
423,22,86,2023-09-04T04:15:06Z,39710.56
424,82,29,2023-09-05T18:02:36Z,63334.76
425,99,22,2023-09-04T08:00:30Z,38148.46
426,82,2,2023-09-10T22:15:21Z,9906.95
427,22,74,2023-09-12T12:38:49Z,93248.74
428,1,59,2023-09-02T00:18:49Z,88672.53
429,70,60,2023-09-13T05:49:29Z,68252.84
430,71,10,2023-09-09T21:46:49Z,20429.9
431,77,7,2023-09-08T14:15:13Z,80510.5
432,67,50,2023-09-01T07:28:35Z,9037.31
433,74,53,2023-09-08T07:07:30Z,72404.61
434,96,67,2023-09-07T01:58:31Z,9889.33
435,24,3,2023-09-03T04:30:30Z,57647.41
436,7,94,2023-09-12T02:49:11Z,87895.63
437,45,58,2023-09-07T22:55:09Z,60923.93
438,59,96,2023-09-02T15:17:45Z,35092.73
439,100,33,2023-09-04T14:17:48Z,80367.07
440,64,74,2023-09-11T05:26:15Z,11105.82
441,4,10,2023-09-11T05:29:58Z,79573.69
442,67,28,2023-09-09T06:30:45Z,25797.95
443,63,68,2023-09-06T14:12:51Z,35966.15
444,20,85,2023-09-01T16:26:29Z,78878.94
445,35,53,2023-09-10T04:58:03Z,20849.05
446,89,92,2023-09-12T06:00:29Z,73794.77
447,72,22,2023-09-11T20:43:17Z,99166.93
448,99,76,2023-09-03T04:32:05Z,55660.85
449,74,19,2023-09-05T03:11:03Z,2961.19
450,47,40,2023-09-02T02:27:19Z,60688.52
451,22,25,2023-09-10T02:40:54Z,59449.66
452,1,11,2023-09-10T02:55:15Z,5584.71
453,73,99,2023-09-09T10:26:59Z,27654.37
454,51,40,2023-09-13T01:56:58Z,82831.55
455,37,52,2023-09-02T08:52:38Z,82819.89
456,28,74,2023-09-05T18:26:43Z,56036.4
457,5,29,2023-09-06T04:20:30Z,25363.99
458,39,26,2023-09-02T00:15:57Z,4682.4
459,34,31,2023-09-09T08:36:29Z,57495.9
460,56,14,2023-09-08T14:57:08Z,15788.18
461,53,44,2023-09-13T21:59:50Z,70833.62
462,24,58,2023-09-09T04:51:41Z,65088.04
463,89,89,2023-09-08T03:47:57Z,98097.07
464,61,69,2023-09-04T23:10:01Z,6210.32
465,30,81,2023-09-08T21:32:37Z,18022.85
466,97,87,2023-09-12T07:11:32Z,71597.56
467,29,65,2023-09-03T06:47:19Z,47014.18
468,12,57,2023-09-01T22:24:06Z,44635.36
469,79,54,2023-09-10T23:22:24Z,24644.05
470,59,64,2023-09-02T09:17:47Z,136.8
471,9,18,2023-09-05T08:26:50Z,44210.33
472,12,65,2023-09-11T13:32:23Z,68051.69
473,36,77,2023-09-12T04:25:52Z,7823.63
474,31,56,2023-09-04T20:36:07Z,56180.34
475,61,52,2023-09-09T03:08:04Z,32257.83
476,83,63,2023-09-12T10:47:18Z,69257.94
477,79,41,2023-09-07T11:31:56Z,29754.63
478,44,47,2023-09-07T03:32:07Z,3464.87
479,89,35,2023-09-07T23:41:21Z,10716.61
480,47,94,2023-09-13T09:31:11Z,95451.07
481,89,77,2023-09-03T06:47:19Z,1380.95
482,83,78,2023-09-05T23:36:06Z,70218.31
483,23,2,2023-09-10T06:02:09Z,76463.5
484,3,5,2023-09-11T14:03:07Z,92055.68
485,18,52,2023-09-02T07:12:02Z,3435.13
486,55,99,2023-09-05T19:57:06Z,97331.34
487,90,48,2023-09-11T18:12:23Z,4025.19
488,100,97,2023-09-05T19:31:32Z,620.85
489,16,22,2023-09-12T18:34:49Z,37298.04
490,13,15,2023-09-09T18:11:11Z,69079.95
491,79,22,2023-09-11T06:02:58Z,44336.92
492,60,31,2023-09-11T04:49:38Z,12939.12
493,26,31,2023-09-05T16:59:48Z,57749.99
494,59,9,2023-09-14T14:02:18Z,5046.86
495,36,88,2023-09-02T16:01:29Z,30796.14
496,24,34,2023-09-11T01:52:12Z,70291.95
497,72,12,2023-09-02T04:45:46Z,72234.17
498,71,61,2023-09-05T10:02:37Z,90458.24
499,54,20,2023-09-01T05:30:40Z,87336.91
500,25,83,2023-09-12T06:46:08Z,15898.58
501,64,82,2023-09-10T23:37:33Z,80776.06
502,6,43,2023-09-09T08:50:44Z,9776.58
503,27,99,2023-09-04T20:49:35Z,18671.13
504,18,24,2023-09-11T01:27:41Z,3565.14
505,47,98,2023-09-04T18:16:26Z,15387.91
506,50,28,2023-09-04T03:59:36Z,52855.22
507,17,18,2023-09-10T20:12:33Z,45463.02
508,62,46,2023-09-05T07:06:23Z,51086.43
509,65,79,2023-09-07T22:11:33Z,91360.52
510,54,87,2023-09-07T16:16:20Z,64240.61
511,28,24,2023-09-06T21:24:26Z,80436.98
512,95,15,2023-09-06T13:57:18Z,11690.28
513,33,18,2023-09-04T11:58:54Z,28457.35
514,89,47,2023-09-01T14:04:47Z,62630.72
515,83,3,2023-09-06T07:25:23Z,59042.87
516,79,24,2023-09-10T16:26:47Z,43795.69
517,43,69,2023-09-01T10:14:32Z,63297.49
518,92,82,2023-09-12T09:23:40Z,4755.58
519,91,94,2023-09-10T22:01:40Z,57587.75
520,72,65,2023-09-09T21:54:46Z,84745.66
521,47,34,2023-09-10T19:02:42Z,53718.45
522,13,48,2023-09-10T23:53:56Z,93419.34
523,79,22,2023-09-06T06:08:41Z,94750.22
524,23,71,2023-09-14T11:06:52Z,49409.75
525,84,7,2023-09-08T00:56:33Z,70552.74
526,69,88,2023-09-01T08:39:38Z,54033.66
527,58,54,2023-09-09T01:03:01Z,5980.5
528,36,53,2023-09-13T14:00:29Z,53064.43
529,80,94,2023-09-04T12:10:00Z,87556.18
530,58,83,2023-09-12T02:38:43Z,73812.51
531,17,6,2023-09-09T09:33:44Z,58418.18
532,98,42,2023-09-12T06:43:43Z,62052.59
533,51,89,2023-09-13T07:53:49Z,33320.73
534,69,39,2023-09-11T21:06:41Z,62976.66
535,95,56,2023-09-01T23:27:52Z,27303.54
536,97,84,2023-09-14T04:26:53Z,9847.42
537,1,89,2023-09-12T14:56:18Z,5719.93
538,83,5,2023-09-10T00:56:59Z,17044.03
539,40,39,2023-09-14T20:55:40Z,5248.49
540,56,61,2023-09-04T13:03:06Z,33446.28
541,75,13,2023-09-04T22:53:30Z,68795.47
542,16,78,2023-09-01T00:12:47Z,4485.49
543,76,63,2023-09-03T10:24:31Z,59652.28
544,34,88,2023-09-09T19:29:51Z,26892.32
545,28,30,2023-09-10T16:38:27Z,97691.09
546,61,71,2023-09-13T22:58:34Z,12884.62
547,8,15,2023-09-07T02:37:54Z,53244.89
548,64,18,2023-09-06T00:11:22Z,98900.23
549,84,74,2023-09-07T13:20:51Z,48381.38
550,93,42,2023-09-04T10:20:47Z,45083.72
551,57,60,2023-09-04T23:08:36Z,86140.88
552,16,72,2023-09-06T18:14:28Z,3142.22
553,9,14,2023-09-11T01:37:12Z,91821.49
554,41,43,2023-09-04T18:32:22Z,40249.56
555,7,69,2023-09-08T22:14:41Z,50733.05
556,85,12,2023-09-03T23:56:00Z,75756.75
557,7,6,2023-09-09T00:04:20Z,22712.86
558,24,24,2023-09-12T03:32:59Z,85028.59
559,94,31,2023-09-14T01:58:30Z,13770.89
560,80,53,2023-09-04T16:49:32Z,84481.81
561,59,63,2023-09-11T03:51:59Z,62719.36
562,8,65,2023-09-09T06:25:47Z,36905.74
563,22,10,2023-09-14T01:37:10Z,59166.77
564,5,8,2023-09-02T13:46:19Z,9247.72
565,11,52,2023-09-06T18:43:45Z,54044.99
566,8,85,2023-09-03T10:48:49Z,85809.15
567,24,44,2023-09-04T02:59:18Z,49799.81
568,3,63,2023-09-07T11:31:45Z,27770.03
569,39,73,2023-09-02T22:52:20Z,13911.4
570,60,14,2023-09-11T23:36:16Z,81201.6
571,81,7,2023-09-03T18:22:08Z,16846.52
572,7,20,2023-09-06T11:43:18Z,12601.07
573,29,37,2023-09-10T16:29:27Z,81573.75
574,82,31,2023-09-01T08:05:12Z,35955.61
575,62,86,2023-09-01T07:05:54Z,44558.03
576,30,30,2023-09-01T23:05:23Z,48994.95
577,33,37,2023-09-08T17:46:56Z,87363.17
578,22,64,2023-09-06T16:59:53Z,83825.56
579,70,98,2023-09-02T16:18:17Z,3469.62
580,64,90,2023-09-13T01:31:03Z,19272.7
581,67,74,2023-09-07T18:21:40Z,87296.49
582,79,65,2023-09-01T21:30:20Z,10968.93
583,73,80,2023-09-14T20:50:09Z,98477.32
584,92,98,2023-09-11T20:58:28Z,49922.89
585,87,13,2023-09-01T14:51:10Z,4874.33
586,38,90,2023-09-10T06:40:11Z,3349.03
587,44,65,2023-09-01T16:20:38Z,96249.27
588,72,3,2023-09-13T08:33:55Z,20164.87
589,66,9,2023-09-13T06:30:21Z,8746.63
590,51,6,2023-09-11T13:09:27Z,7754.66
591,21,44,2023-09-09T13:52:54Z,55916.6
592,61,31,2023-09-14T13:56:14Z,40874.55
593,5,23,2023-09-04T07:25:05Z,52740.58
594,61,100,2023-09-09T20:23:35Z,74498.64
595,85,27,2023-09-11T11:05:47Z,69042.82
596,67,84,2023-09-12T20:09:15Z,86539.73
597,38,53,2023-09-03T11:52:44Z,71249.61
598,99,81,2023-09-14T22:37:59Z,87740.74
599,38,16,2023-09-14T06:46:57Z,14392.04
600,25,74,2023-09-01T06:41:05Z,67658.58
601,69,67,2023-09-04T05:29:50Z,37486.64
602,23,95,2023-09-08T14:18:06Z,58595.7
603,51,85,2023-09-02T12:17:39Z,70065.03
604,57,36,2023-09-13T13:51:27Z,45435.62
605,91,22,2023-09-04T08:29:20Z,92763.13
606,3,76,2023-09-03T12:21:01Z,68740.9
607,18,36,2023-09-13T13:40:39Z,81920.88
608,1,46,2023-09-14T19:18:35Z,10220.26
609,15,13,2023-09-09T02:00:53Z,2661.98
610,98,15,2023-09-03T01:51:30Z,96147.84
611,40,79,2023-09-10T01:23:45Z,48523.46
612,11,69,2023-09-09T11:16:18Z,21002.67
613,24,75,2023-09-14T17:03:18Z,894.92
614,31,35,2023-09-03T05:37:11Z,21020.57
615,53,34,2023-09-12T16:19:36Z,10619.83
616,89,98,2023-09-04T11:25:58Z,47473.28
617,43,25,2023-09-01T11:03:30Z,51058.17
618,74,21,2023-09-02T13:07:43Z,49912.89
619,10,89,2023-09-08T13:43:21Z,57732.99
620,93,81,2023-09-10T15:30:57Z,9198.71
621,1,66,2023-09-01T23:42:29Z,90289.21
622,51,26,2023-09-06T10:58:27Z,79909.21
623,6,63,2023-09-02T04:20:16Z,76925.14
624,41,56,2023-09-02T06:36:23Z,92292.4
625,99,13,2023-09-03T00:52:35Z,14087.03
626,44,7,2023-09-09T10:40:47Z,508.52
627,99,87,2023-09-03T12:32:11Z,37061.8
628,42,20,2023-09-12T07:16:40Z,16378.39
629,38,33,2023-09-02T22:20:45Z,53209.92
630,79,75,2023-09-04T15:30:37Z,17846.68
631,30,65,2023-09-08T12:05:36Z,70955.9
632,11,19,2023-09-05T10:51:13Z,40949.51
633,21,17,2023-09-12T19:38:58Z,9244.9
634,51,22,2023-09-04T14:18:02Z,85723.14
635,18,82,2023-09-05T04:15:11Z,36742.77
636,32,47,2023-09-11T11:29:37Z,15149.69
637,31,8,2023-09-11T23:25:45Z,33501.56
638,8,58,2023-09-11T11:49:15Z,78827.49
639,75,32,2023-09-01T10:15:50Z,80359.09
640,55,18,2023-09-05T11:14:06Z,76915.67
641,89,61,2023-09-04T05:27:57Z,6481.79
642,24,40,2023-09-06T18:00:08Z,67171.06
643,23,34,2023-09-14T12:15:38Z,63160.24
644,4,54,2023-09-01T22:41:42Z,39913.16
645,39,64,2023-09-09T11:53:05Z,69998.61
646,98,11,2023-09-08T10:35:18Z,85480.03
647,51,50,2023-09-01T11:52:01Z,61379.05
648,76,83,2023-09-10T04:48:11Z,46734.57
649,63,2,2023-09-03T09:00:39Z,65442.82
650,91,13,2023-09-11T06:55:42Z,64159.05
651,11,99,2023-09-12T12:39:05Z,66118.88
652,92,8,2023-09-04T20:52:53Z,87534.03
653,32,28,2023-09-13T06:55:03Z,95081.04
654,79,85,2023-09-04T15:34:03Z,15926.16
655,60,29,2023-09-04T04:20:26Z,30040.06
656,60,57,2023-09-12T15:07:09Z,79258.72
657,28,65,2023-09-04T10:04:46Z,57128.35
658,78,34,2023-09-07T07:43:10Z,59850.02
659,92,41,2023-09-06T23:11:14Z,23691.98
660,92,46,2023-09-12T18:19:56Z,65505.15
661,12,62,2023-09-06T04:48:36Z,35605.69
662,98,3,2023-09-10T00:04:06Z,77686.65
663,98,68,2023-09-10T02:55:34Z,666.4
664,83,49,2023-09-08T14:42:38Z,59276.38
665,99,11,2023-09-02T22:54:03Z,9026.65
666,29,46,2023-09-12T12:18:21Z,8806.05
667,17,49,2023-09-13T03:55:27Z,71317.67
668,53,32,2023-09-09T08:41:54Z,44008.52
669,60,54,2023-09-01T16:23:34Z,75934.44
670,41,12,2023-09-11T14:14:14Z,95478.29
671,2,29,2023-09-03T13:07:43Z,9386.27
672,25,50,2023-09-12T12:24:19Z,13142.32
673,38,22,2023-09-02T16:34:15Z,66866.03
674,65,18,2023-09-13T12:26:56Z,82307.21
675,15,95,2023-09-12T04:58:20Z,90132.42
676,15,41,2023-09-10T19:41:38Z,64081.73
677,70,91,2023-09-11T23:54:34Z,56998.19
678,84,43,2023-09-07T16:57:10Z,85603.35
679,4,3,2023-09-07T01:44:33Z,25299.77
680,15,75,2023-09-09T13:02:38Z,34215.66
681,75,84,2023-09-06T06:04:33Z,53999.63
682,12,16,2023-09-04T06:41:46Z,69314.3
683,1,14,2023-09-06T05:19:16Z,907.6
684,12,69,2023-09-03T18:54:44Z,20604.8
685,13,82,2023-09-04T03:51:20Z,62700.48
686,90,21,2023-09-06T05:38:02Z,68625.43
687,17,25,2023-09-01T00:24:38Z,590.32
688,55,66,2023-09-13T10:35:36Z,46900.16
689,78,74,2023-09-03T19:41:46Z,61037.99
690,61,15,2023-09-10T10:27:44Z,58593.06
691,59,83,2023-09-10T07:42:28Z,24087.83
692,57,60,2023-09-08T18:20:30Z,90220.93
693,72,2,2023-09-07T10:21:03Z,1328.0
694,21,31,2023-09-05T14:18:47Z,86355.09
695,88,4,2023-09-02T01:57:44Z,71630.01
696,72,82,2023-09-10T00:39:57Z,54338.53
697,67,78,2023-09-04T17:48:30Z,55986.53
698,43,12,2023-09-13T21:31:53Z,13526.63
699,62,26,2023-09-02T00:59:55Z,86942.3
700,4,31,2023-09-06T08:41:10Z,44270.91
701,33,51,2023-09-10T23:47:40Z,70650.91
702,45,48,2023-09-11T15:44:01Z,54757.18
703,30,81,2023-09-11T09:15:05Z,21728.83
704,51,33,2023-09-02T04:32:12Z,49199.47
705,73,41,2023-09-04T07:17:25Z,56452.57
706,72,1,2023-09-06T22:23:53Z,52102.91
707,82,39,2023-09-11T06:18:52Z,79225.08
708,56,9,2023-09-06T14:53:45Z,62592.37
709,6,68,2023-09-05T17:38:06Z,51854.17
710,52,81,2023-09-10T14:34:28Z,60595.29
711,84,86,2023-09-07T07:41:57Z,86720.02
712,91,21,2023-09-11T04:48:06Z,11622.73
713,34,94,2023-09-13T13:13:43Z,46626.18
714,82,72,2023-09-11T05:30:32Z,34748.57
715,60,4,2023-09-10T09:29:29Z,96857.81
716,92,19,2023-09-05T23:27:58Z,64170.87
717,40,39,2023-09-11T07:28:13Z,2707.89
718,60,25,2023-09-08T14:19:44Z,31843.7
719,48,70,2023-09-03T21:42:52Z,89356.31
720,64,50,2023-09-13T01:15:17Z,90762.7
721,61,4,2023-09-06T23:18:06Z,13940.63
722,52,84,2023-09-01T14:05:10Z,27697.07
723,2,23,2023-09-14T21:59:47Z,36134.9
724,98,84,2023-09-10T21:21:30Z,58297.6
725,65,37,2023-09-04T12:29:28Z,53024.88
726,85,6,2023-09-03T13:16:34Z,5333.15
727,51,4,2023-09-12T17:03:00Z,26743.17
728,35,16,2023-09-01T14:49:35Z,29932.35
729,83,51,2023-09-07T00:44:41Z,64876.33
730,46,14,2023-09-01T09:20:27Z,4923.3
731,7,100,2023-09-10T05:23:11Z,60871.16
732,7,97,2023-09-02T12:22:01Z,76436.25
733,67,34,2023-09-08T14:38:56Z,60834.06
734,43,36,2023-09-06T18:57:43Z,85923.71
735,12,46,2023-09-02T06:36:31Z,49901.23
736,18,71,2023-09-07T19:20:39Z,3557.86
737,100,62,2023-09-14T21:34:29Z,5625.1
738,29,96,2023-09-06T01:23:44Z,28384.23
739,90,26,2023-09-09T22:13:45Z,50271.69
740,92,59,2023-09-05T09:05:28Z,37986.54
741,23,71,2023-09-08T15:35:58Z,99782.75
742,32,80,2023-09-08T11:44:29Z,17655.02
743,27,56,2023-09-10T18:30:20Z,20741.65
744,4,35,2023-09-03T19:43:04Z,45165.06
745,33,30,2023-09-06T08:58:04Z,46637.34
746,31,89,2023-09-14T22:49:20Z,70201.91
747,58,92,2023-09-07T13:07:41Z,77695.66
748,1,1,2023-09-10T04:53:46Z,4037.17
749,29,70,2023-09-09T04:47:00Z,57711.72
750,1,66,2023-09-14T12:00:45Z,24856.61
751,40,59,2023-09-11T15:32:44Z,97401.29
752,19,52,2023-09-09T20:10:24Z,20566.24
753,71,3,2023-09-08T11:40:03Z,46269.97
754,3,22,2023-09-08T08:31:06Z,52587.04
755,49,14,2023-09-04T14:18:18Z,92525.13
756,67,17,2023-09-01T09:42:00Z,66587.29
757,99,55,2023-09-12T18:00:28Z,47283.64
758,84,49,2023-09-13T14:28:37Z,98084.91
759,21,61,2023-09-10T05:19:14Z,48091.85
760,84,14,2023-09-12T00:15:11Z,73392.65
761,61,74,2023-09-04T12:45:53Z,36902.1
762,41,15,2023-09-03T05:13:36Z,72119.21
763,2,17,2023-09-02T18:20:03Z,9840.28
764,73,18,2023-09-07T19:42:35Z,33888.07
765,27,7,2023-09-07T12:41:48Z,87448.76
766,20,86,2023-09-05T00:29:57Z,76289.67
767,3,97,2023-09-12T09:17:18Z,32924.51
768,42,16,2023-09-12T05:47:59Z,6234.2
769,40,60,2023-09-09T08:52:13Z,97183.72
770,11,68,2023-09-10T01:31:15Z,81003.86
771,44,9,2023-09-08T09:57:45Z,81708.26
772,8,8,2023-09-11T18:02:09Z,68098.76
773,63,17,2023-09-01T17:26:28Z,24935.04
774,64,25,2023-09-08T23:19:40Z,67065.95
775,64,2,2023-09-03T07:08:31Z,63757.39
776,99,86,2023-09-11T21:11:18Z,4499.99
777,8,1,2023-09-08T15:55:52Z,96350.56
778,34,86,2023-09-12T10:36:42Z,93264.25
779,68,9,2023-09-05T13:37:59Z,90088.48
780,32,5,2023-09-14T09:07:26Z,12148.02
781,76,73,2023-09-13T11:16:06Z,55190.02
782,18,42,2023-09-14T13:32:18Z,83643.17
783,43,21,2023-09-07T22:13:50Z,33763.9
784,61,66,2023-09-14T08:54:57Z,77930.06
785,91,99,2023-09-12T10:33:38Z,30535.74
786,1,3,2023-09-04T04:08:09Z,3984.48
787,90,11,2023-09-01T21:55:39Z,38420.53
788,41,55,2023-09-05T08:45:37Z,23214.18
789,98,64,2023-09-05T06:28:20Z,59792.21
790,31,54,2023-09-13T09:15:58Z,18197.72
791,27,46,2023-09-05T15:14:57Z,40067.28
792,91,35,2023-09-06T21:34:55Z,42419.68
793,57,1,2023-09-09T19:47:12Z,12401.68
794,34,87,2023-09-14T12:57:33Z,70256.97
795,23,38,2023-09-10T10:30:51Z,15213.8
796,11,56,2023-09-13T23:40:55Z,98346.08
797,10,95,2023-09-09T21:48:46Z,63719.1
798,49,33,2023-09-07T20:44:08Z,59751.64
799,15,33,2023-09-07T12:54:43Z,97563.12
800,36,82,2023-09-02T04:01:44Z,2029.1
801,18,82,2023-09-08T17:49:38Z,39509.16
802,57,23,2023-09-09T22:13:08Z,27206.81
803,98,70,2023-09-13T22:05:29Z,24110.71
804,82,40,2023-09-09T17:04:49Z,23171.66
805,59,91,2023-09-09T04:19:24Z,23309.83
806,81,77,2023-09-07T01:58:28Z,46520.88
807,43,61,2023-09-11T05:10:25Z,47717.58
808,32,7,2023-09-09T03:28:06Z,82449.17
809,80,95,2023-09-11T22:32:46Z,63649.51
810,95,38,2023-09-11T23:26:15Z,98139.07
811,96,33,2023-09-11T23:20:49Z,73497.48
812,18,5,2023-09-10T16:26:12Z,32365.13
813,50,21,2023-09-11T07:59:32Z,74840.44
814,5,50,2023-09-03T15:06:37Z,59360.94
815,3,67,2023-09-08T19:52:46Z,10331.05
816,28,74,2023-09-03T02:32:11Z,63512.26
817,48,57,2023-09-07T17:24:44Z,96646.52
818,14,90,2023-09-07T11:23:46Z,71764.41
819,54,53,2023-09-07T16:46:45Z,43796.11
820,71,9,2023-09-07T10:30:15Z,90547.91
821,71,95,2023-09-04T10:28:38Z,16456.36
822,8,2,2023-09-09T21:07:55Z,17872.24
823,4,1,2023-09-05T02:12:59Z,33883.55
824,51,27,2023-09-06T22:49:44Z,87025.49
825,74,59,2023-09-11T14:04:30Z,82341.33
826,44,23,2023-09-14T04:53:10Z,53974.94
827,55,74,2023-09-09T23:24:03Z,27368.35
828,65,53,2023-09-07T13:23:04Z,73850.02
829,59,41,2023-09-14T06:42:38Z,24864.93
830,88,76,2023-09-07T13:25:12Z,97520.58
831,85,100,2023-09-03T12:46:30Z,25604.04
832,36,34,2023-09-07T04:53:21Z,38156.17
833,84,28,2023-09-05T11:02:44Z,16333.23
834,10,11,2023-09-13T14:23:27Z,64735.05
835,70,55,2023-09-01T09:32:19Z,95684.46
836,23,46,2023-09-11T00:22:20Z,62741.78
837,88,83,2023-09-12T21:42:58Z,52109.85
838,89,89,2023-09-03T10:38:59Z,7884.91
839,95,87,2023-09-07T04:22:36Z,80878.61
840,45,86,2023-09-09T03:55:38Z,88901.27
841,74,8,2023-09-03T18:10:06Z,86222.64
842,40,40,2023-09-01T17:44:49Z,54059.52
843,8,30,2023-09-12T01:16:53Z,54472.65
844,2,31,2023-09-04T07:57:02Z,98438.46
845,79,64,2023-09-01T13:57:03Z,98288.34
846,41,49,2023-09-07T10:12:02Z,22253.65
847,57,47,2023-09-08T16:14:34Z,23664.34
848,51,99,2023-09-14T19:58:20Z,44826.5
849,25,38,2023-09-09T21:24:17Z,29852.72
850,36,31,2023-09-10T20:47:08Z,35171.78
851,76,23,2023-09-09T05:11:02Z,81526.36
852,18,31,2023-09-06T05:11:01Z,82863.02
853,54,73,2023-09-11T12:46:30Z,78077.92
854,7,4,2023-09-01T16:28:30Z,31929.03
855,28,20,2023-09-01T13:45:53Z,25449.12
856,88,27,2023-09-04T02:14:06Z,77600.84
857,67,36,2023-09-11T04:33:21Z,6237.98
858,64,90,2023-09-10T02:38:26Z,41456.39
859,13,72,2023-09-04T15:18:43Z,26325.99
860,79,69,2023-09-03T18:04:29Z,33778.74
861,44,96,2023-09-04T01:02:31Z,58799.01
862,90,43,2023-09-09T07:00:25Z,59230.17
863,38,36,2023-09-14T18:56:47Z,20871.17
864,62,61,2023-09-11T22:24:12Z,4146.17
865,67,93,2023-09-04T17:46:08Z,45516.63
866,67,48,2023-09-11T04:06:04Z,84667.56
867,79,76,2023-09-09T00:39:16Z,93217.39
868,88,17,2023-09-11T13:53:44Z,66152.44
869,92,12,2023-09-10T14:41:46Z,87750.4
870,53,13,2023-09-05T18:05:10Z,78313.32
871,21,63,2023-09-13T00:27:26Z,12932.02
872,51,1,2023-09-08T22:04:16Z,13811.19
873,46,18,2023-09-06T01:13:56Z,53835.1
874,1,7,2023-09-11T02:39:42Z,10736.02
875,87,43,2023-09-09T13:07:04Z,71994.3
876,56,59,2023-09-11T19:06:50Z,25517.46
877,17,74,2023-09-01T04:26:23Z,18484.42
878,97,30,2023-09-09T21:22:16Z,17302.92
879,42,41,2023-09-04T00:10:17Z,36169.31
880,10,14,2023-09-14T09:36:22Z,55999.68
881,41,12,2023-09-05T23:47:40Z,80623.58
882,72,48,2023-09-06T23:40:00Z,18990.75
883,88,56,2023-09-12T11:40:19Z,18850.96
884,43,39,2023-09-12T06:29:16Z,31822.52
885,90,87,2023-09-01T13:14:43Z,28733.88
886,8,32,2023-09-05T22:14:33Z,71353.19
887,86,16,2023-09-10T10:58:52Z,39531.14
888,27,20,2023-09-10T08:05:15Z,83706.69
889,33,35,2023-09-08T06:13:17Z,1911.79
890,5,4,2023-09-07T14:04:14Z,40796.38
891,64,86,2023-09-11T16:36:39Z,65355.32
892,70,99,2023-09-01T09:53:08Z,53161.44
893,19,69,2023-09-01T00:20:37Z,45099.73
894,79,45,2023-09-11T22:08:29Z,16469.64
895,72,66,2023-09-10T09:54:08Z,99272.36
896,55,33,2023-09-05T18:15:31Z,4924.04
897,26,80,2023-09-13T12:48:32Z,34187.12
898,5,20,2023-09-08T20:44:24Z,7437.61
899,4,18,2023-09-09T07:36:35Z,9070.24
900,41,39,2023-09-05T06:31:14Z,92652.25
901,57,47,2023-09-14T09:45:26Z,95629.65
902,99,20,2023-09-10T18:50:11Z,96520.01
903,80,28,2023-09-14T23:55:23Z,67977.04
904,100,35,2023-09-09T03:16:50Z,15059.82
905,40,28,2023-09-01T08:31:35Z,88982.58
906,8,23,2023-09-05T13:25:59Z,41133.31
907,88,36,2023-09-08T10:55:19Z,49109.14
908,19,53,2023-09-02T00:45:31Z,27038.03
909,88,86,2023-09-04T00:20:39Z,27775.26
910,45,24,2023-09-05T18:24:06Z,13456.32
911,53,94,2023-09-11T06:48:08Z,69119.99
912,60,99,2023-09-04T22:31:38Z,62332.83
913,20,34,2023-09-12T09:36:17Z,61528.25
914,95,49,2023-09-09T18:39:06Z,65748.75
915,11,27,2023-09-03T05:51:01Z,77333.31
916,100,76,2023-09-14T17:21:28Z,225.64
917,22,28,2023-09-11T10:06:18Z,49534.22
918,86,53,2023-09-04T12:25:04Z,50875.28
919,51,14,2023-09-07T08:27:31Z,63161.94
920,97,86,2023-09-04T11:55:03Z,28708.76
921,2,25,2023-09-10T04:10:59Z,84189.44
922,19,53,2023-09-14T23:16:34Z,96978.5
923,8,58,2023-09-11T11:30:46Z,42356.48
924,84,72,2023-09-10T13:51:48Z,4587.87
925,60,51,2023-09-04T14:19:39Z,74456.84
926,91,2,2023-09-01T07:51:57Z,57922.42
927,31,42,2023-09-08T19:08:09Z,55007.89
928,68,68,2023-09-01T17:54:00Z,1009.15
929,20,5,2023-09-10T14:39:54Z,59891.36
930,25,31,2023-09-10T06:43:54Z,47084.06
931,92,43,2023-09-07T23:13:13Z,96627.34
932,24,93,2023-09-06T00:52:17Z,70000.92
933,74,32,2023-09-09T17:19:28Z,22432.97
934,45,23,2023-09-09T04:38:36Z,60998.27
935,22,89,2023-09-10T17:45:02Z,6877.83
936,21,89,2023-09-05T20:06:31Z,31760.12
937,77,70,2023-09-06T11:58:14Z,91935.77
938,33,60,2023-09-14T01:37:52Z,98803.98
939,94,25,2023-09-12T06:23:17Z,60808.83
940,3,95,2023-09-06T22:33:34Z,88223.81
941,84,91,2023-09-04T16:10:29Z,58011.72
942,47,75,2023-09-14T03:52:57Z,48247.09
943,72,62,2023-09-07T14:11:19Z,23036.66
944,53,10,2023-09-08T18:57:48Z,48137.08
945,42,23,2023-09-14T19:21:08Z,18085.14
946,7,35,2023-09-06T10:15:03Z,13532.69
947,90,68,2023-09-01T09:08:55Z,60505.4
948,5,56,2023-09-13T15:24:45Z,66838.36
949,52,28,2023-09-07T17:22:39Z,15576.68
950,58,19,2023-09-07T00:56:47Z,9448.56
951,96,96,2023-09-12T17:23:54Z,74466.68
952,69,92,2023-09-12T11:16:34Z,43553.11
953,30,72,2023-09-13T06:14:37Z,52832.89
954,72,34,2023-09-04T10:41:50Z,50983.73
955,63,33,2023-09-01T21:51:59Z,52544.16
956,55,2,2023-09-12T18:41:57Z,13795.11
957,85,54,2023-09-11T02:10:10Z,53461.47
958,58,81,2023-09-10T17:35:18Z,61014.38
959,42,78,2023-09-14T04:11:36Z,51849.3
960,70,17,2023-09-09T14:52:03Z,88831.55
961,100,72,2023-09-09T17:03:48Z,38430.69
962,40,89,2023-09-11T00:57:46Z,508.38
963,23,51,2023-09-11T07:55:48Z,34031.87
964,25,96,2023-09-02T00:22:42Z,46059.92
965,90,11,2023-09-06T10:22:41Z,28006.9
966,31,53,2023-09-03T16:03:28Z,39722.96
967,34,23,2023-09-11T23:42:20Z,24598.79
968,54,23,2023-09-12T06:41:04Z,18510.61
969,20,87,2023-09-07T22:36:29Z,38138.86
970,78,47,2023-09-04T08:18:52Z,85695.12
971,47,4,2023-09-02T12:32:20Z,25452.5
972,96,25,2023-09-01T07:26:16Z,65737.15
973,65,73,2023-09-13T08:58:49Z,5160.34
974,88,65,2023-09-02T21:08:20Z,25889.53
975,63,95,2023-09-09T09:21:35Z,27427.75
976,41,13,2023-09-11T10:39:07Z,93770.57
977,85,27,2023-09-07T13:17:20Z,86894.22
978,37,21,2023-09-12T15:06:25Z,29026.6
979,34,25,2023-09-07T10:31:52Z,33583.0
980,16,24,2023-09-02T19:43:14Z,9486.34
981,67,1,2023-09-08T03:29:23Z,4650.94
982,3,3,2023-09-09T06:14:26Z,48738.33
983,62,89,2023-09-06T16:18:02Z,52036.68
984,25,85,2023-09-09T11:18:24Z,34229.19
985,15,53,2023-09-06T09:07:09Z,56394.08
986,77,61,2023-09-03T10:26:25Z,42325.39
987,19,74,2023-09-10T08:47:39Z,55260.97
988,68,48,2023-09-04T23:01:02Z,74519.85
989,86,94,2023-09-02T00:59:54Z,35886.16
990,81,54,2023-09-14T18:04:32Z,31274.52
991,47,16,2023-09-07T02:18:00Z,10098.59
992,12,76,2023-09-05T04:26:56Z,82377.59
993,25,33,2023-09-05T04:58:39Z,92630.68
994,39,84,2023-09-06T05:01:29Z,82296.06
995,81,39,2023-09-02T14:31:08Z,28046.7
996,6,7,2023-09-06T23:36:19Z,6581.5
997,76,67,2023-09-10T11:22:46Z,25838.84
998,20,73,2023-09-08T07:16:28Z,20965.38
999,3,65,2023-09-11T06:30:51Z,63363.84
1000,43,15,2023-09-12T19:14:34Z,34190.62
